CBSA Code,Metro Division Code,Metropolitan statistical areas,Census,Estimates base,2010,2011,2012
10180,,"Abilene, TX","165,252","165,252","165,578","166,481","166,963"
10420,,"Akron, OH","703,200","703,205","703,055","702,854","702,262"
10500,,"Albany, GA","157,308","157,308","157,580","157,668","157,399"
10540,,"Albany, OR","116,672","116,672","116,894","118,135","118,360"
10580,,"Albany-Schenectady-Troy, NY","870,716","870,718","871,081","873,076","874,646"
10740,,"Albuquerque, NM","887,077","887,079","889,568","897,320","901,700"
10780,,"Alexandria, LA","153,922","153,922","154,093","154,379","154,441"
10900,,"Allentown-Bethlehem-Easton, PA-NJ","821,173","821,173","822,055","825,312","827,171"
11020,,"Altoona, PA","127,089","127,074","127,038","127,234","127,121"
11100,,"Amarillo, TX","251,933","251,933","252,686","255,781","257,578"
11180,,"Ames, IA","89,542","89,542","89,600","90,816","91,140"
11260,,"Anchorage, AK","380,821","380,821","383,177","388,038","392,535"
11460,,"Ann Arbor, MI","344,791","344,791","345,350","348,637","350,946"
11500,,"Anniston-Oxford-Jacksonville, AL","118,572","118,572","118,423","117,815","117,296"
11540,,"Appleton, WI","225,666","225,666","225,886","227,318","228,450"
11700,,"Asheville, NC","424,858","424,859","425,558","428,657","432,406"
12020,,"Athens-Clarke County, GA","192,541","192,541","193,538","194,616","196,425"
12060,,"Atlanta-Sandy Springs-Roswell, GA","5,286,728","5,286,732","5,304,665","5,374,678","5,457,831"
12100,,"Atlantic City-Hammonton, NJ","274,549","274,549","274,715","274,810","275,422"
12220,,"Auburn-Opelika, AL","140,247","140,251","140,761","143,580","147,257"
12260,,"Augusta-Richmond County, GA-SC","564,873","564,871","566,781","571,098","575,898"
12420,,"Austin-Round Rock, TX","1,716,289","1,716,286","1,727,661","1,780,708","1,834,303"
12540,,"Bakersfield, CA","839,631","839,631","841,687","849,457","856,158"
12580,,"Baltimore-Columbia-Towson, MD","2,710,489","2,710,489","2,715,586","2,733,678","2,753,149"
12620,,"Bangor, ME","153,923","153,921","153,892","153,930","153,746"
12700,,"Barnstable Town, MA","215,888","215,888","215,959","215,662","215,423"
12940,,"Baton Rouge, LA","802,484","802,480","804,270","808,713","815,298"
12980,,"Battle Creek, MI","136,146","136,146","136,075","135,529","135,099"
13020,,"Bay City, MI","107,771","107,771","107,723","107,273","106,935"
13140,,"Beaumont-Port Arthur, TX","403,190","403,190","403,562","405,031","404,180"
13220,,"Beckley, WV","124,898","124,901","124,892","125,115","124,890"
13380,,"Bellingham, WA","201,140","201,140","201,614","203,570","205,262"
13460,,"Bend-Redmond, OR","157,733","157,733","157,895","160,083","162,277"
13740,,"Billings, MT","158,934","158,934","159,395","160,852","162,848"
13780,,"Binghamton, NY","251,725","251,725","251,443","250,293","248,538"
13820,,"Birmingham-Hoover, AL","1,128,047","1,128,050","1,129,038","1,132,403","1,136,650"
13900,,"Bismarck, ND","114,778","114,778","115,294","117,284","120,060"
13980,,"Blacksburg-Christiansburg-Radford, VA","178,237","178,237","178,434","178,628","178,933"
14010,,"Bloomington, IL","186,133","186,133","186,447","187,267","188,715"
14020,,"Bloomington, IN","159,549","159,549","160,138","161,610","162,399"
14100,,"Bloomsburg-Berwick, PA","85,562","85,563","85,612","85,161","85,243"
14260,,"Boise City, ID","616,561","616,561","618,002","627,636","637,896"
14460,,"Boston-Cambridge-Newton, MA-NH","4,552,402","4,552,402","4,563,863","4,603,344","4,640,802"
14460,14454,".Boston, MA","1,887,792","1,887,792","1,893,664","1,910,714","1,926,030"
14460,15764,".Cambridge-Newton-Framingham, MA","2,246,244","2,246,244","2,251,629","2,272,874","2,292,833"
14460,40484,".Rockingham County-Strafford County, NH","418,366","418,366","418,570","419,756","421,939"
14500,,"Boulder, CO","294,567","294,571","296,318","300,406","305,318"
14540,,"Bowling Green, KY","158,599","158,599","159,043","160,650","162,231"
14740,,"Bremerton-Silverdale, WA","251,133","251,133","251,769","254,529","254,991"
14860,,"Bridgeport-Stamford-Norwalk, CT","916,829","916,829","918,814","927,567","933,835"
15180,,"Brownsville-Harlingen, TX","406,220","406,220","407,656","412,577","415,557"
15260,,"Brunswick, GA","112,370","112,368","112,637","113,122","113,448"
15380,,"Buffalo-Cheektowaga-Niagara Falls, NY","1,135,509","1,135,511","1,135,610","1,135,494","1,134,210"
15500,,"Burlington, NC","151,131","151,087","151,470","152,801","153,920"
15540,,"Burlington-South Burlington, VT","211,261","211,262","211,558","212,875","213,701"
15680,,"California-Lexington Park, MD","105,151","105,151","105,778","107,681","108,987"
15940,,"Canton-Massillon, OH","404,422","404,422","404,217","403,164","403,455"
15980,,"Cape Coral-Fort Myers, FL","618,754","618,754","620,601","631,602","645,293"
16020,,"Cape Girardeau, MO-IL","96,275","96,275","96,403","96,980","97,080"
16060,,"Carbondale-Marion, IL","126,575","126,580","126,772","126,944","126,745"
16180,,"Carson City, NV","55,274","55,274","55,278","54,851","54,838"
16220,,"Casper, WY","75,450","75,450","75,485","76,356","78,621"
16300,,"Cedar Rapids, IA","257,940","257,940","258,364","260,893","261,761"
16540,,"Chambersburg-Waynesboro, PA","149,618","149,618","149,908","150,891","151,275"
16580,,"Champaign-Urbana, IL","231,891","231,891","232,230","233,055","233,788"
16620,,"Charleston, WV","227,078","227,071","226,947","225,977","225,954"
16700,,"Charleston-North Charleston, SC","664,607","664,608","667,606","681,684","697,439"
16740,,"Charlotte-Concord-Gastonia, NC-SC","2,217,012","2,217,035","2,223,685","2,257,134","2,296,569"
16820,,"Charlottesville, VA","218,705","218,705","219,094","221,101","222,860"
16860,,"Chattanooga, TN-GA","528,143","528,145","529,239","533,343","537,889"
16940,,"Cheyenne, WY","91,738","91,738","92,120","92,487","94,483"
16980,,"Chicago-Naperville-Elgin, IL-IN-WI","9,461,105","9,461,105","9,471,608","9,495,719","9,522,434"
16980,16974,".Chicago-Naperville-Arlington Heights, IL","7,262,718","7,262,820","7,271,029","7,293,968","7,318,387"
16980,20994,".Elgin, IL","620,429","620,429","621,171","624,737","627,191"
16980,23844,".Gary, IN","708,070","708,070","708,473","708,282","706,800"
16980,29404,".Lake County-Kenosha County, IL-WI","869,888","869,786","870,935","868,732","870,056"
17020,,"Chico, CA","220,000","220,000","219,968","220,188","221,539"
17140,,"Cincinnati, OH-KY-IN","2,114,580","2,114,580","2,116,811","2,122,330","2,128,603"
17300,,"Clarksville, TN-KY","260,625","260,625","261,868","264,625","274,342"
17420,,"Cleveland, TN","115,788","115,788","115,972","116,738","117,820"
17460,,"Cleveland-Elyria, OH","2,077,240","2,077,240","2,076,016","2,068,397","2,063,535"
17660,,"Coeur d'Alene, ID","138,494","138,494","138,920","141,103","142,357"
17780,,"College Station-Bryan, TX","228,660","228,660","229,483","231,462","234,501"
17820,,"Colorado Springs, CO","645,613","645,613","650,130","659,773","668,353"
17860,,"Columbia, MO","162,642","162,642","163,222","165,921","168,535"
17900,,"Columbia, SC","767,598","767,602","769,819","776,793","784,745"
17980,,"Columbus, GA-AL","294,865","294,869","295,741","301,865","310,531"
18020,,"Columbus, IN","76,794","76,794","76,893","77,817","79,129"
18140,,"Columbus, OH","1,901,974","1,901,965","1,906,295","1,925,137","1,944,002"
18580,,"Corpus Christi, TX","428,185","428,188","428,050","430,961","437,109"
18700,,"Corvallis, OR","85,579","85,581","85,531","86,006","86,430"
18880,,"Crestview-Fort Walton Beach-Destin, FL","235,865","235,865","236,058","239,021","247,665"
19060,,"Cumberland, MD-WV","103,299","103,299","103,248","102,612","101,968"
19100,,"Dallas-Fort Worth-Arlington, TX","6,426,214","6,426,210","6,452,764","6,569,112","6,700,991"
19100,19124,".Dallas-Plano-Irving, TX","4,230,520","4,230,516","4,248,860","4,331,844","4,426,611"
19100,23104,".Fort Worth-Arlington, TX","2,195,694","2,195,694","2,203,904","2,237,268","2,274,380"
19140,,"Dalton, GA","142,227","142,227","142,361","142,507","142,751"
19180,,"Danville, IL","81,625","81,625","81,581","81,367","80,727"
19300,,"Daphne-Fairhope-Foley, AL","182,265","182,265","183,275","186,830","190,790"
19340,,"Davenport-Moline-Rock Island, IA-IL","379,690","379,690","380,245","381,226","382,630"
19380,,"Dayton, OH","799,232","799,232","799,980","801,040","800,972"
19460,,"Decatur, AL","153,829","153,829","153,887","154,115","154,233"
19500,,"Decatur, IL","110,768","110,768","110,734","110,616","110,122"
19660,,"Deltona-Daytona Beach-Ormond Beach, FL","590,289","590,293","590,681","591,550","595,309"
19740,,"Denver-Aurora-Lakewood, CO","2,543,482","2,543,478","2,554,118","2,598,496","2,645,209"
19780,,"Des Moines-West Des Moines, IA","569,633","569,633","572,000","580,716","588,999"
19820,,"Detroit-Warren-Dearborn, MI","4,296,250","4,296,247","4,291,828","4,287,966","4,292,060"
19820,19804,".Detroit-Dearborn-Livonia, MI","1,820,584","1,820,575","1,815,598","1,801,789","1,792,365"
19820,47664,".Warren-Troy-Farmington Hills, MI","2,475,666","2,475,672","2,476,230","2,486,177","2,499,695"
20020,,"Dothan, AL","145,639","145,639","145,892","146,651","147,620"
20100,,"Dover, DE","162,310","162,310","162,973","165,319","167,626"
20220,,"Dubuque, IA","93,653","93,653","93,879","94,436","95,097"
20260,,"Duluth, MN-WI","279,771","279,771","279,766","279,838","279,452"
20500,,"Durham-Chapel Hill, NC","504,357","504,401","505,894","513,900","522,826"
20700,,"East Stroudsburg, PA","169,842","169,843","169,981","169,986","168,798"
20740,,"Eau Claire, WI","161,151","161,151","161,365","162,633","163,599"
20940,,"El Centro, CA","174,528","174,528","174,667","175,897","176,948"
21060,,"Elizabethtown-Fort Knox, KY","148,338","148,339","149,922","151,186","150,413"
21140,,"Elkhart-Goshen, IN","197,559","197,561","197,476","198,700","199,619"
21300,,"Elmira, NY","88,830","88,830","88,835","88,798","88,911"
21340,,"El Paso, TX","804,123","804,123","806,981","821,408","830,735"
21500,,"Erie, PA","280,566","280,566","280,749","280,988","280,646"
21660,,"Eugene, OR","351,715","351,715","351,921","353,481","354,542"
21780,,"Evansville, IN-KY","311,552","311,552","311,814","312,705","313,433"
21820,,"Fairbanks, AK","97,581","97,581","98,267","99,286","100,272"
22020,,"Fargo, ND-MN","208,777","208,777","209,416","212,586","216,312"
22140,,"Farmington, NM","130,044","130,044","130,144","128,063","128,529"
22180,,"Fayetteville, NC","366,383","366,383","367,744","372,788","374,585"
22220,,"Fayetteville-Springdale-Rogers, AR-MO","463,204","463,207","465,776","473,933","482,200"
22380,,"Flagstaff, AZ","134,421","134,420","134,611","134,105","136,011"
22420,,"Flint, MI","425,790","425,790","425,152","422,053","418,408"
22500,,"Florence, SC","205,566","205,562","205,645","205,711","206,087"
22520,,"Florence-Muscle Shoals, AL","147,137","147,137","147,198","147,082","146,988"
22540,,"Fond du Lac, WI","101,633","101,633","101,695","101,856","101,843"
22660,,"Fort Collins, CO","299,630","299,630","300,426","305,091","310,487"
22900,,"Fort Smith, AR-OK","280,467","280,468","280,712","280,866","280,521"
23060,,"Fort Wayne, IN","416,257","416,257","416,779","419,568","421,406"
23420,,"Fresno, CA","930,450","930,450","932,696","940,887","947,895"
23460,,"Gadsden, AL","104,430","104,430","104,452","104,298","104,392"
23540,,"Gainesville, FL","264,275","264,275","264,470","266,392","268,232"
23580,,"Gainesville, GA","179,684","179,684","179,992","182,965","185,416"
23900,,"Gettysburg, PA","101,407","101,407","101,423","101,549","101,482"
24020,,"Glens Falls, NY","128,923","128,921","128,968","128,733","128,472"
24140,,"Goldsboro, NC","122,623","122,623","122,882","123,839","124,246"
24220,,"Grand Forks, ND-MN","98,461","98,461","98,599","98,061","98,888"
24260,,"Grand Island, NE","81,850","81,850","82,001","82,660","83,472"
24300,,"Grand Junction, CO","146,723","146,723","146,475","147,481","147,848"
24340,,"Grand Rapids-Wyoming, MI","988,938","988,938","989,481","996,454","1,005,648"
24420,,"Grants Pass, OR","82,713","82,713","82,865","82,680","82,930"
24500,,"Great Falls, MT","81,327","81,327","81,540","81,769","81,723"
24540,,"Greeley, CO","252,825","252,825","254,081","258,351","263,691"
24580,,"Green Bay, WI","306,241","306,241","306,775","308,761","311,098"
24660,,"Greensboro-High Point, NC","723,801","723,798","725,134","730,531","736,065"
24780,,"Greenville, NC","168,148","168,148","168,787","170,715","172,554"
24860,,"Greenville-Anderson-Mauldin, SC","824,112","824,106","825,788","833,063","842,853"
25060,,"Gulfport-Biloxi-Pascagoula, MS","370,702","370,702","371,561","375,911","379,582"
25180,,"Hagerstown-Martinsburg, MD-WV","251,599","251,599","252,495","254,601","256,278"
25220,,"Hammond, LA","121,097","121,101","121,453","122,519","123,441"
25260,,"Hanford-Corcoran, CA","152,982","152,982","152,301","151,941","151,364"
25420,,"Harrisburg-Carlisle, PA","549,475","549,473","550,212","551,611","553,980"
25500,,"Harrisonburg, VA","125,228","125,215","125,393","126,706","128,372"
25540,,"Hartford-West Hartford-East Hartford, CT","1,212,381","1,212,384","1,212,839","1,215,119","1,214,400"
25620,,"Hattiesburg, MS","142,842","142,841","143,280","145,262","146,766"
25860,,"Hickory-Lenoir-Morganton, NC","365,497","365,492","365,208","364,170","363,627"
25940,,"Hilton Head Island-Bluffton-Beaufort, SC","187,010","187,010","187,923","189,749","193,882"
25980,,"Hinesville, GA","77,917","77,917","77,434","80,577","81,519"
26140,,"Homosassa Springs, FL","141,236","141,236","141,312","139,849","139,360"
26300,,"Hot Springs, AR","96,024","96,024","96,230","96,637","96,903"
26380,,"Houma-Thibodaux, LA","208,178","208,178","208,192","208,657","208,922"
26420,,"Houston-The Woodlands-Sugar Land, TX","5,920,416","5,920,456","5,948,300","6,051,850","6,177,035"
26580,,"Huntington-Ashland, WV-KY-OH","364,908","364,908","365,008","364,742","364,665"
26620,,"Huntsville, AL","417,593","417,593","419,381","425,212","430,734"
26820,,"Idaho Falls, ID","133,265","133,337","133,797","134,847","136,108"
26900,,"Indianapolis-Carmel-Anderson, IN","1,887,877","1,887,877","1,892,368","1,910,053","1,928,982"
26980,,"Iowa City, IA","152,586","152,586","152,994","155,378","158,231"
27060,,"Ithaca, NY","101,564","101,564","101,651","101,763","102,554"
27100,,"Jackson, MI","160,248","160,248","160,226","159,810","160,309"
27140,,"Jackson, MS","567,122","567,121","568,181","573,693","576,800"
27180,,"Jackson, TN","130,011","130,009","130,039","129,830","130,450"
27260,,"Jacksonville, FL","1,345,596","1,345,596","1,349,103","1,360,998","1,377,850"
27340,,"Jacksonville, NC","177,772","177,772","179,487","177,430","183,263"
27500,,"Janesville-Beloit, WI","160,331","160,331","160,235","160,067","160,418"
27620,,"Jefferson City, MO","149,807","149,807","149,964","150,281","150,151"
27740,,"Johnson City, TN","198,716","198,716","198,966","199,701","200,684"
27780,,"Johnstown, PA","143,679","143,679","143,484","142,624","141,584"
27860,,"Jonesboro, AR","121,026","121,026","121,247","122,758","124,042"
27900,,"Joplin, MO","175,518","175,516","175,903","176,663","174,327"
27980,,"Kahului-Wailuku-Lahaina, HI","154,924","154,924","155,126","156,756","158,316"
28020,,"Kalamazoo-Portage, MI","326,589","326,589","326,911","328,353","330,034"
28100,,"Kankakee, IL","113,449","113,449","113,502","113,541","113,040"
28140,,"Kansas City, MO-KS","2,009,342","2,009,338","2,013,864","2,024,937","2,038,724"
28420,,"Kennewick-Richland, WA","253,340","253,340","255,626","263,703","268,243"
28660,,"Killeen-Temple, TX","405,300","405,300","408,221","412,390","420,375"
28700,,"Kingsport-Bristol-Bristol, TN-VA","309,544","309,544","309,547","308,579","309,006"
28740,,"Kingston, NY","182,493","182,494","182,395","182,582","181,791"
28940,,"Knoxville, TN","837,571","837,571","838,745","843,189","848,350"
29020,,"Kokomo, IN","82,752","82,752","82,730","82,817","82,849"
29100,,"La Crosse-Onalaska, WI-MN","133,665","133,665","133,891","134,415","135,298"
29180,,"Lafayette, LA","466,750","466,750","467,416","470,682","474,415"
29200,,"Lafayette-West Lafayette, IN","201,789","201,789","201,952","204,098","206,412"
29340,,"Lake Charles, LA","199,607","199,607","200,050","200,589","201,195"
29420,,"Lake Havasu City-Kingman, AZ","200,186","200,186","200,380","202,592","203,334"
29460,,"Lakeland-Winter Haven, FL","602,095","602,095","603,343","609,823","616,158"
29540,,"Lancaster, PA","519,445","519,448","520,344","523,862","526,823"
29620,,"Lansing-East Lansing, MI","464,036","464,036","464,160","465,614","465,732"
29700,,"Laredo, TX","250,304","250,304","251,284","254,948","259,172"
29740,,"Las Cruces, NM","209,233","209,234","210,325","212,944","214,445"
29820,,"Las Vegas-Henderson-Paradise, NV","1,951,269","1,951,269","1,953,422","1,967,926","2,000,759"
29940,,"Lawrence, KS","110,826","110,826","111,208","112,244","112,864"
30020,,"Lawton, OK","130,291","130,291","131,588","131,927","132,545"
30140,,"Lebanon, PA","133,568","133,573","133,717","134,389","135,251"
30300,,"Lewiston, ID-WA","60,888","60,888","61,009","61,327","61,419"
30340,,"Lewiston-Auburn, ME","107,702","107,702","107,678","107,427","107,609"
30460,,"Lexington-Fayette, KY","472,099","472,099","473,468","478,935","485,023"
30620,,"Lima, OH","106,331","106,331","106,222","105,740","105,141"
30700,,"Lincoln, NE","302,157","302,157","302,957","306,580","310,342"
30780,,"Little Rock-North Little Rock-Conway, AR","699,757","699,757","702,350","710,950","717,666"
30860,,"Logan, UT-ID","125,442","125,442","126,070","127,356","128,306"
30980,,"Longview, TX","214,369","214,378","214,586","215,798","216,679"
31020,,"Longview, WA","102,410","102,410","102,447","102,431","101,996"
31080,,"Los Angeles-Long Beach-Anaheim, CA","12,828,837","12,828,842","12,843,942","12,945,140","13,052,921"
31080,11244,".Anaheim-Santa Ana-Irvine, CA","3,010,232","3,010,237","3,018,181","3,056,115","3,090,132"
31080,31084,".Los Angeles-Long Beach-Glendale, CA","9,818,605","9,818,605","9,825,761","9,889,025","9,962,789"
31140,,"Louisville/Jefferson County, KY-IN","1,235,708","1,235,708","1,237,847","1,244,792","1,251,351"
31180,,"Lubbock, TX","290,805","290,805","292,142","295,255","297,669"
31340,,"Lynchburg, VA","252,634","252,638","252,689","254,031","255,342"
31420,,"Macon, GA","232,293","232,293","232,342","232,849","232,723"
31460,,"Madera, CA","150,865","150,865","151,177","152,085","152,218"
31540,,"Madison, WI","605,435","605,435","606,546","613,943","620,778"
31700,,"Manchester-Nashua, NH","400,721","400,721","401,036","401,842","402,922"
31740,,"Manhattan, KS","92,719","92,719","93,245","95,150","97,810"
31860,,"Mankato-North Mankato, MN","96,740","96,740","96,812","97,335","98,020"
31900,,"Mansfield, OH","124,475","124,475","124,195","123,125","122,673"
32580,,"McAllen-Edinburg-Mission, TX","774,769","774,769","779,203","794,181","806,552"
32780,,"Medford, OR","203,206","203,206","203,474","204,718","206,412"
32820,,"Memphis, TN-MS-AR","1,324,829","1,324,829","1,326,570","1,333,390","1,341,690"
32900,,"Merced, CA","255,793","255,793","256,877","259,966","262,305"
33100,,"Miami-Fort Lauderdale-West Palm Beach, FL","5,564,635","5,564,657","5,581,600","5,687,908","5,762,717"
33100,22744,".Fort Lauderdale-Pompano Beach-Deerfield Beach, FL","1,748,066","1,748,066","1,752,928","1,784,956","1,815,137"
33100,33124,".Miami-Miami Beach-Kendall, FL","2,496,435","2,496,457","2,504,614","2,565,440","2,591,035"
33100,48424,".West Palm Beach-Boca Raton-Delray Beach, FL","1,320,134","1,320,134","1,324,058","1,337,512","1,356,545"
33140,,"Michigan City-La Porte, IN","111,467","111,467","111,432","111,263","111,246"
33220,,"Midland, MI","83,629","83,629","83,637","84,015","83,822"
33260,,"Midland, TX","141,671","141,671","141,757","144,953","151,662"
33340,,"Milwaukee-Waukesha-West Allis, WI","1,555,908","1,555,908","1,556,711","1,561,428","1,566,981"
33460,,"Minneapolis-St. Paul-Bloomington, MN-WI","3,348,859","3,348,859","3,355,674","3,389,049","3,422,264"
33540,,"Missoula, MT","109,299","109,299","109,457","110,114","110,977"
33660,,"Mobile, AL","412,992","412,992","413,216","413,145","413,936"
33700,,"Modesto, CA","514,453","514,451","515,326","517,957","521,726"
33740,,"Monroe, LA","176,441","176,441","176,673","177,379","177,782"
33780,,"Monroe, MI","152,021","152,021","151,960","151,609","151,048"
33860,,"Montgomery, AL","374,536","374,529","375,183","378,562","377,149"
34060,,"Morgantown, WV","129,709","129,709","130,308","132,201","134,164"
34100,,"Morristown, TN","113,951","113,953","114,049","114,623","114,937"
34580,,"Mount Vernon-Anacortes, WA","116,901","116,901","117,014","117,836","118,222"
34620,,"Muncie, IN","117,671","117,671","117,649","117,784","117,364"
34740,,"Muskegon, MI","172,188","172,188","171,969","170,021","170,182"
34820,,"Myrtle Beach-Conway-North Myrtle Beach, SC-NC","376,722","376,722","378,604","385,910","394,542"
34900,,"Napa, CA","136,484","136,484","136,824","137,977","139,045"
34940,,"Naples-Immokalee-Marco Island, FL","321,520","321,520","322,666","327,519","332,427"
34980,,"Nashville-Davidson--Murfreesboro--Franklin, TN","1,670,890","1,670,890","1,675,886","1,698,348","1,726,693"
35100,,"New Bern, NC","126,802","126,802","127,079","128,075","128,119"
35300,,"New Haven-Milford, CT","862,477","862,474","862,703","862,812","862,813"
35380,,"New Orleans-Metairie, LA","1,189,866","1,189,863","1,195,466","1,213,488","1,227,096"
35620,,"New York-Newark-Jersey City, NY-NJ-PA","19,567,410","19,567,407","19,598,491","19,729,930","19,831,858"
35620,20524,".Dutchess County-Putnam County, NY","397,198","397,198","397,556","398,125","396,929"
35620,35004,".Nassau County-Suffolk County, NY","2,832,882","2,832,879","2,836,048","2,846,165","2,848,506"
35620,35084,".Newark, NJ-PA","2,471,171","2,471,170","2,474,314","2,482,701","2,488,817"
35620,35614,".New York-Jersey City-White Plains, NY-NJ","13,866,159","13,866,160","13,890,573","14,002,939","14,097,606"
35660,,"Niles-Benton Harbor, MI","156,813","156,813","156,799","156,489","156,067"
35840,,"North Port-Sarasota-Bradenton, FL","702,281","702,281","703,568","709,037","720,042"
35980,,"Norwich-New London, CT","274,055","274,055","274,092","274,091","274,170"
36100,,"Ocala, FL","331,298","331,298","331,407","332,472","335,125"
36140,,"Ocean City, NJ","97,265","97,265","97,282","96,562","96,304"
36220,,"Odessa, TX","137,130","137,130","137,056","139,588","144,325"
36260,,"Ogden-Clearfield, UT","597,159","597,159","599,708","605,786","612,441"
36420,,"Oklahoma City, OK","1,252,987","1,252,992","1,257,927","1,275,821","1,296,565"
36500,,"Olympia-Tumwater, WA","252,264","252,264","253,043","256,406","258,332"
36540,,"Omaha-Council Bluffs, NE-IA","865,350","865,350","868,116","877,171","885,624"
36740,,"Orlando-Kissimmee-Sanford, FL","2,134,411","2,134,411","2,139,583","2,175,004","2,223,674"
36780,,"Oshkosh-Neenah, WI","166,994","166,994","167,078","167,708","168,794"
36980,,"Owensboro, KY","114,752","114,755","114,806","115,394","116,030"
37100,,"Oxnard-Thousand Oaks-Ventura, CA","823,318","823,318","825,378","831,126","835,981"
37340,,"Palm Bay-Melbourne-Titusville, FL","543,376","543,372","543,978","544,322","547,307"
37460,,"Panama City, FL","184,715","184,715","185,128","185,500","187,621"
37620,,"Parkersburg-Vienna, WV","92,673","92,673","92,757","92,643","92,548"
37860,,"Pensacola-Ferry Pass-Brent, FL","448,991","448,991","451,110","455,458","461,227"
37900,,"Peoria, IL","379,186","379,186","378,937","379,693","380,447"
37980,,"Philadelphia-Camden-Wilmington, PA-NJ-DE-MD","5,965,343","5,965,341","5,972,025","5,997,474","6,018,800"
37980,15804,".Camden, NJ","1,250,679","1,250,685","1,251,682","1,253,498","1,254,461"
37980,33874,".Montgomery County-Bucks County-Chester County, PA","1,924,009","1,924,008","1,926,378","1,935,678","1,942,088"
37980,37964,".Philadelphia, PA","2,084,985","2,084,978","2,087,831","2,098,128","2,108,705"
37980,48864,".Wilmington, DE-MD-NJ","705,670","705,670","706,134","710,170","713,546"
38060,,"Phoenix-Mesa-Scottsdale, AZ","4,192,887","4,192,887","4,209,375","4,252,078","4,329,534"
38220,,"Pine Bluff, AR","100,258","100,258","100,118","98,973","97,451"
38300,,"Pittsburgh, PA","2,356,285","2,356,285","2,356,827","2,360,114","2,360,733"
38340,,"Pittsfield, MA","131,219","131,219","131,232","130,447","130,016"
38540,,"Pocatello, ID","82,839","82,839","82,993","83,524","83,800"
38860,,"Portland-South Portland, ME","514,098","514,100","513,875","516,081","518,117"
38900,,"Portland-Vancouver-Hillsboro, OR-WA","2,226,009","2,226,009","2,232,717","2,260,928","2,289,800"
38940,,"Port St. Lucie, FL","424,107","424,107","425,251","428,409","432,683"
39140,,"Prescott, AZ","211,033","211,033","210,249","211,130","212,637"
39300,,"Providence-Warwick, RI-MA","1,600,852","1,600,852","1,601,992","1,600,258","1,601,374"
39340,,"Provo-Orem, UT","526,810","526,810","530,092","540,437","550,845"
39380,,"Pueblo, CO","159,063","159,063","159,570","160,346","160,852"
39460,,"Punta Gorda, FL","159,978","159,978","159,898","159,459","162,449"
39540,,"Racine, WI","195,408","195,408","195,447","195,014","194,797"
39580,,"Raleigh, NC","1,130,490","1,130,490","1,137,352","1,162,688","1,188,564"
39660,,"Rapid City, SD","134,598","134,598","135,079","136,385","138,738"
39740,,"Reading, PA","411,442","411,447","411,791","412,547","413,491"
39820,,"Redding, CA","177,223","177,223","177,324","178,031","178,586"
39900,,"Reno, NV","425,417","425,417","426,223","429,356","433,843"
40060,,"Richmond, VA","1,208,101","1,208,101","1,210,180","1,219,022","1,231,980"
40140,,"Riverside-San Bernardino-Ontario, CA","4,224,851","4,224,851","4,243,987","4,301,841","4,350,096"
40220,,"Roanoke, VA","308,707","308,707","308,660","308,999","310,118"
40340,,"Rochester, MN","206,877","206,877","207,137","208,446","209,607"
40380,,"Rochester, NY","1,079,671","1,079,671","1,079,913","1,082,120","1,082,284"
40420,,"Rockford, IL","349,431","349,431","349,245","347,913","346,009"
40580,,"Rocky Mount, NC","152,392","152,388","152,468","151,994","151,662"
40660,,"Rome, GA","96,317","96,317","96,382","96,156","96,177"
40900,,"Sacramento--Roseville--Arden-Arcade, CA","2,149,127","2,149,127","2,154,776","2,176,452","2,196,482"
40980,,"Saginaw, MI","200,169","200,169","199,940","198,990","198,353"
41060,,"St. Cloud, MN","189,093","189,093","189,208","190,036","190,471"
41100,,"St. George, UT","138,115","138,115","138,462","141,511","144,809"
41140,,"St. Joseph, MO-KS","127,329","127,329","127,226","127,649","127,927"
41180,,"St. Louis, MO-IL","2,787,701","2,787,695","2,789,873","2,793,375","2,795,794"
41420,,"Salem, OR","390,738","390,738","391,637","393,822","396,338"
41500,,"Salinas, CA","415,057","415,057","416,335","421,612","426,762"
41540,,"Salisbury, MD-DE","373,802","373,802","374,756","378,155","381,868"
41620,,"Salt Lake City, UT","1,087,873","1,087,873","1,091,718","1,107,018","1,123,712"
41660,,"San Angelo, TX","111,823","111,823","112,241","113,348","114,854"
41700,,"San Antonio-New Braunfels, TX","2,142,508","2,142,508","2,153,140","2,191,670","2,234,003"
41740,,"San Diego-Carlsbad, CA","3,095,313","3,095,308","3,103,933","3,138,183","3,177,063"
41860,,"San Francisco-Oakland-Hayward, CA","4,335,391","4,335,391","4,345,156","4,396,918","4,455,560"
41860,36084,".Oakland-Hayward-Berkeley, CA","2,559,296","2,559,296","2,566,473","2,598,142","2,634,317"
41860,41884,".San Francisco-Redwood City-South San Francisco, CA","1,523,686","1,523,686","1,525,712","1,543,283","1,565,174"
41860,42034,".San Rafael, CA","252,409","252,409","252,971","255,493","256,069"
41940,,"San Jose-Sunnyvale-Santa Clara, CA","1,836,911","1,836,911","1,842,123","1,867,984","1,894,388"
42020,,"San Luis Obispo-Paso Robles-Arroyo Grande, CA","269,637","269,637","269,954","271,345","274,804"
42100,,"Santa Cruz-Watsonville, CA","262,382","262,382","263,435","264,961","266,776"
42140,,"Santa Fe, NM","144,170","144,169","144,441","145,319","146,375"
42200,,"Santa Maria-Santa Barbara, CA","423,895","423,895","424,403","426,101","431,249"
42220,,"Santa Rosa, CA","483,878","483,878","484,801","488,082","491,829"
42340,,"Savannah, GA","347,611","347,621","348,830","355,844","361,941"
42540,,"Scranton--Wilkes-Barre--Hazleton, PA","563,631","563,630","563,597","563,939","563,629"
42660,,"Seattle-Tacoma-Bellevue, WA","3,439,809","3,439,809","3,448,919","3,497,819","3,552,157"
42660,42644,".Seattle-Bellevue-Everett, WA","2,644,584","2,644,584","2,653,391","2,694,273","2,740,476"
42660,45104,".Tacoma-Lakewood, WA","795,225","795,225","795,528","803,546","811,681"
42680,,"Sebastian-Vero Beach, FL","138,028","138,028","138,237","138,919","140,567"
42700,,"Sebring, FL","98,786","98,786","98,727","98,292","98,128"
43100,,"Sheboygan, WI","115,507","115,507","115,416","115,247","115,009"
43300,,"Sherman-Denison, TX","120,877","120,877","121,060","121,306","121,935"
43340,,"Shreveport-Bossier City, LA","439,811","439,811","441,155","444,880","447,193"
43420,,"Sierra Vista-Douglas, AZ","131,346","131,346","131,627","132,770","132,088"
43580,,"Sioux City, IA-NE-SD","168,563","168,563","168,825","168,939","168,921"
43620,,"Sioux Falls, SD","228,261","228,264","229,173","232,446","237,251"
43780,,"South Bend-Mishawaka, IN-MI","319,224","319,222","319,008","319,235","318,586"
43900,,"Spartanburg, SC","313,268","313,268","313,555","314,886","316,997"
44060,,"Spokane-Spokane Valley, WA","527,753","527,753","528,615","529,907","532,253"
44100,,"Springfield, IL","210,170","210,170","210,573","211,669","211,993"
44140,,"Springfield, MA","621,570","621,570","623,193","625,346","625,718"
44180,,"Springfield, MO","436,712","436,712","437,498","440,317","444,617"
44220,,"Springfield, OH","138,333","138,333","138,232","137,768","137,206"
44300,,"State College, PA","153,990","153,985","154,193","154,730","155,171"
44420,,"Staunton-Waynesboro, VA","118,502","118,502","118,375","118,921","118,686"
44700,,"Stockton-Lodi, CA","685,306","685,308","687,516","695,626","702,612"
44940,,"Sumter, SC","107,456","107,456","107,532","107,342","108,052"
45060,,"Syracuse, NY","662,577","662,578","662,922","662,431","660,934"
45220,,"Tallahassee, FL","367,413","368,770","369,383","371,029","375,371"
45300,,"Tampa-St. Petersburg-Clearwater, FL","2,783,243","2,783,243","2,788,833","2,826,438","2,842,878"
45460,,"Terre Haute, IN","172,425","172,423","172,358","172,576","172,493"
45500,,"Texarkana, TX-AR","149,198","149,198","149,341","149,610","149,701"
45540,,"The Villages, FL","93,420","93,420","94,268","98,237","101,620"
45780,,"Toledo, OH","610,001","610,001","609,708","609,320","608,711"
45820,,"Topeka, KS","233,870","233,868","234,263","234,720","234,566"
45940,,"Trenton, NJ","366,513","366,511","367,093","367,306","368,303"
46060,,"Tucson, AZ","980,263","980,263","981,915","987,573","992,394"
46140,,"Tulsa, OK","937,478","937,480","939,968","945,386","951,880"
46220,,"Tuscaloosa, AL","230,162","230,159","230,365","231,560","233,389"
46340,,"Tyler, TX","209,714","209,714","210,406","212,855","214,821"
46520,,"Urban Honolulu, HI","953,207","953,207","956,481","966,363","976,372"
46540,,"Utica-Rome, NY","299,397","299,397","299,339","298,767","298,064"
46660,,"Valdosta, GA","139,588","139,584","140,090","142,307","144,343"
46700,,"Vallejo-Fairfield, CA","413,344","413,344","414,095","416,932","420,757"
47020,,"Victoria, TX","94,003","94,003","94,041","94,675","96,620"
47220,,"Vineland-Bridgeton, NJ","156,898","156,898","157,053","157,215","157,785"
47260,,"Virginia Beach-Norfolk-Newport News, VA-NC","1,676,822","1,676,820","1,680,394","1,686,977","1,699,925"
47300,,"Visalia-Porterville, CA","442,179","442,179","443,218","447,918","451,977"
47380,,"Waco, TX","252,772","252,772","253,759","255,656","256,317"
47460,,"Walla Walla, WA","62,859","62,859","63,024","63,500","63,399"
47580,,"Warner Robins, GA","179,605","179,605","180,452","183,644","185,478"
47900,,"Washington-Arlington-Alexandria, DC-VA-MD-WV","5,636,232","5,636,232","5,665,604","5,771,213","5,860,342"
47900,43524,".Silver Spring-Frederick-Rockville, MD","1,205,162","1,205,162","1,210,226","1,228,954","1,244,291"
47900,47894,".Washington-Arlington-Alexandria, DC-VA-MD-WV","4,431,070","4,431,070","4,455,378","4,542,259","4,616,051"
47940,,"Waterloo-Cedar Falls, IA","167,819","167,819","167,924","168,219","168,747"
48060,,"Watertown-Fort Drum, NY","116,229","116,229","116,572","118,163","120,262"
48140,,"Wausau, WI","134,063","134,063","134,089","134,552","134,735"
48260,,"Weirton-Steubenville, WV-OH","124,454","124,454","124,231","123,322","122,547"
48300,,"Wenatchee, WA","110,884","110,887","111,270","112,048","113,037"
48540,,"Wheeling, WV-OH","147,950","147,950","147,864","147,143","146,420"
48620,,"Wichita, KS","630,919","630,919","631,975","633,344","636,105"
48660,,"Wichita Falls, TX","151,306","151,306","151,428","150,092","150,829"
48700,,"Williamsport, PA","116,111","116,108","116,159","116,678","117,168"
48900,,"Wilmington, NC","254,884","254,884","255,684","259,431","263,429"
49020,,"Winchester, VA-WV","128,472","128,472","128,718","129,905","130,907"
49180,,"Winston-Salem, NC","640,595","640,577","641,320","644,393","647,697"
49340,,"Worcester, MA-CT","916,980","916,980","918,766","921,990","923,762"
49420,,"Yakima, WA","243,231","243,231","244,258","246,157","246,977"
49620,,"York-Hanover, PA","434,972","434,972","435,586","437,040","437,846"
49660,,"Youngstown-Warren-Boardman, OH-PA","565,773","565,773","564,830","561,697","558,206"
49700,,"Yuba City, CA","166,892","166,892","167,245","167,498","167,948"
49740,,"Yuma, AZ","195,751","195,750","196,786","200,374","200,022"